               epoch,      train/box_loss,      train/obj_loss,      train/cls_loss,   metrics/precision,      metrics/recall,     metrics/mAP_0.5,metrics/mAP_0.5:0.95,        val/box_loss,        val/obj_loss,        val/cls_loss,               x/lr0,               x/lr1,               x/lr2
                   0,            0.081774,            0.060235,            0.048722,             0.48027,             0.38148,             0.20279,            0.077101,            0.067195,            0.041678,            0.034156,            0.003303,            0.003303,            0.070273
                   1,            0.069884,            0.046635,            0.033753,             0.68424,              0.2983,             0.27098,             0.11312,            0.058668,            0.036391,             0.02795,           0.0066035,           0.0066035,             0.04024
                   2,            0.062669,            0.045987,            0.029826,             0.70536,             0.34081,             0.34683,             0.15827,            0.059472,            0.036905,            0.023318,            0.009871,            0.009871,            0.010174
                   3,            0.055137,            0.044885,             0.02542,             0.63646,             0.53187,             0.48646,             0.24791,            0.047782,            0.036463,            0.020882,           0.0098515,           0.0098515,           0.0098515
                   4,            0.049139,            0.045312,            0.022359,              0.6961,             0.46666,             0.49366,             0.24571,            0.044951,            0.039111,            0.024437,           0.0098515,           0.0098515,           0.0098515
                   5,            0.046142,            0.045831,            0.021691,             0.74408,              0.4956,             0.55779,             0.28096,            0.048578,            0.039043,            0.019696,            0.009802,            0.009802,            0.009802
                   6,             0.04358,            0.045391,            0.020959,             0.75319,             0.53556,             0.60766,             0.32618,            0.038172,            0.037425,            0.018383,           0.0097525,           0.0097525,           0.0097525
                   7,             0.04212,            0.048265,            0.022864,             0.58143,             0.47176,              0.4589,             0.23483,            0.044298,            0.044228,            0.024497,            0.009703,            0.009703,            0.009703
                   8,            0.043007,            0.053763,             0.02605,             0.36058,           0.0067611,           0.0032424,           0.0016956,             0.14116,             0.11226,              1.4351,           0.0096535,           0.0096535,           0.0096535
                   9,            0.043526,            0.054817,            0.027529,             0.58343,              0.4383,             0.42953,             0.22566,            0.042185,            0.044279,            0.025403,            0.009604,            0.009604,            0.009604
                  10,            0.041564,            0.053641,             0.02361,              0.6525,             0.47679,             0.50135,             0.27907,            0.039336,            0.043356,            0.021418,           0.0095545,           0.0095545,           0.0095545
                  11,            0.040665,            0.052962,            0.023181,             0.50677,             0.32137,             0.29561,             0.15535,            0.051307,            0.056115,            0.037741,            0.009505,            0.009505,            0.009505
                  12,            0.040519,            0.051781,            0.020411,             0.69971,             0.52533,             0.57945,             0.30938,            0.037426,            0.040829,            0.018666,           0.0094555,           0.0094555,           0.0094555
                  13,            0.039034,            0.047973,            0.019591,             0.70778,             0.55174,             0.58771,             0.32846,            0.038231,            0.040027,            0.017206,            0.009406,            0.009406,            0.009406
                  14,            0.037404,            0.048997,            0.018403,              0.7155,             0.58103,             0.61375,             0.34923,             0.03643,            0.039049,            0.016866,           0.0093565,           0.0093565,           0.0093565
                  15,            0.035556,            0.048038,            0.017553,             0.70167,             0.56756,             0.60886,             0.35248,            0.033028,            0.038622,            0.016636,            0.009307,            0.009307,            0.009307
                  16,            0.037074,            0.047641,            0.016698,             0.71912,             0.58592,             0.62908,              0.3534,            0.032453,            0.038166,             0.01468,           0.0092575,           0.0092575,           0.0092575
                  17,            0.035651,            0.049841,            0.018474,             0.35437,            0.047793,            0.052719,            0.027693,            0.086013,            0.075509,            0.059763,            0.009208,            0.009208,            0.009208
                  18,            0.036812,            0.051956,            0.021168,             0.47363,              0.1063,             0.11236,            0.060157,            0.071503,            0.073858,            0.052265,           0.0091585,           0.0091585,           0.0091585
                  19,            0.036756,            0.051459,            0.019525,             0.67673,             0.51689,              0.5377,             0.29353,            0.038786,            0.042554,            0.019995,            0.009109,            0.009109,            0.009109
                  20,            0.035432,            0.048469,            0.016564,             0.71293,             0.52999,             0.58076,             0.33162,            0.033425,            0.039967,             0.01722,           0.0090595,           0.0090595,           0.0090595
                  21,             0.03486,            0.048052,            0.016853,             0.62886,             0.43368,             0.43892,             0.25009,            0.038257,            0.047315,            0.024569,             0.00901,             0.00901,             0.00901
                  22,            0.034063,            0.047207,             0.01673,             0.71739,             0.58266,             0.63553,             0.37108,            0.030901,            0.038081,            0.015128,           0.0089605,           0.0089605,           0.0089605
                  23,            0.033356,            0.046273,            0.016329,              0.7012,              0.6164,             0.65073,             0.37979,            0.030784,            0.037142,            0.014134,            0.008911,            0.008911,            0.008911
                  24,            0.033078,             0.04551,            0.015269,             0.75631,             0.58661,              0.6465,             0.38183,            0.029142,            0.037329,            0.013079,           0.0088615,           0.0088615,           0.0088615
                  25,            0.032219,            0.045624,            0.014131,             0.72748,             0.62226,             0.66925,             0.40074,            0.029167,            0.036617,            0.013468,            0.008812,            0.008812,            0.008812
                  26,            0.032039,             0.04469,            0.013707,             0.75594,             0.60739,             0.66997,             0.40171,            0.028819,            0.036671,            0.012488,           0.0087625,           0.0087625,           0.0087625
                  27,            0.031307,            0.043556,            0.012168,             0.73928,             0.63617,             0.67336,             0.39885,            0.029514,            0.036583,            0.011948,            0.008713,            0.008713,            0.008713
                  28,            0.031749,             0.04424,            0.012904,             0.70659,             0.57441,             0.61484,             0.36245,            0.031373,            0.039024,            0.014283,           0.0086635,           0.0086635,           0.0086635
                  29,            0.031445,            0.044806,            0.012995,             0.73964,             0.62826,             0.67469,             0.39968,            0.028908,            0.036431,            0.012972,            0.008614,            0.008614,            0.008614
                  30,            0.031239,            0.044011,            0.013304,             0.75793,              0.6214,             0.68261,              0.4107,            0.028644,            0.036399,             0.01162,           0.0085645,           0.0085645,           0.0085645
                  31,             0.03073,            0.043896,            0.011656,             0.76044,              0.6318,             0.68893,             0.41512,            0.030418,            0.035845,            0.010917,            0.008515,            0.008515,            0.008515
                  32,            0.031063,            0.042481,            0.011971,               0.762,             0.63665,             0.70205,             0.42641,            0.027932,            0.035859,            0.012206,           0.0084655,           0.0084655,           0.0084655
                  33,            0.030977,            0.042435,            0.011902,              0.6614,              0.4839,             0.51245,             0.28586,            0.039128,            0.043615,            0.023316,            0.008416,            0.008416,            0.008416
                  34,            0.030664,             0.04353,            0.011979,             0.74187,             0.64086,             0.68799,             0.40572,            0.028338,            0.036451,            0.011687,           0.0083665,           0.0083665,           0.0083665
                  35,            0.030275,            0.043336,            0.011715,             0.77147,             0.63078,             0.70133,             0.42557,            0.028021,            0.036275,            0.010726,            0.008317,            0.008317,            0.008317
                  36,             0.02954,            0.041818,            0.010754,             0.74601,             0.65077,             0.70925,             0.42954,            0.028292,            0.036247,            0.010428,           0.0082675,           0.0082675,           0.0082675
                  37,              0.0296,            0.042042,            0.011027,             0.69826,             0.66517,             0.70651,             0.42906,            0.027676,            0.036185,             0.01061,            0.008218,            0.008218,            0.008218
                  38,            0.029219,            0.041554,           0.0098719,             0.63734,             0.73691,             0.72753,             0.43695,            0.027826,            0.035701,            0.010397,           0.0081685,           0.0081685,           0.0081685
                  39,            0.028769,            0.042067,            0.010228,             0.70772,             0.68271,             0.71054,             0.43306,            0.027858,            0.035898,            0.010597,            0.008119,            0.008119,            0.008119
                  40,            0.029537,            0.042698,            0.010866,             0.70386,             0.46591,             0.50409,             0.29858,            0.039045,            0.047894,            0.020523,           0.0080695,           0.0080695,           0.0080695
                  41,            0.029467,            0.042921,              0.0118,             0.66665,             0.67711,             0.69513,             0.41778,            0.029121,            0.036818,            0.011321,             0.00802,             0.00802,             0.00802
                  42,            0.029694,             0.04278,            0.011398,             0.68281,             0.65419,             0.69647,             0.41929,            0.027702,            0.036959,            0.011548,           0.0079705,           0.0079705,           0.0079705
                  43,            0.029781,            0.043303,            0.010783,             0.67505,             0.68422,             0.70113,             0.42288,            0.027477,            0.036105,            0.011288,            0.007921,            0.007921,            0.007921
                  44,            0.029701,            0.042088,             0.01059,             0.66694,             0.67115,             0.68813,             0.41239,            0.028882,              0.0362,            0.011808,           0.0078715,           0.0078715,           0.0078715
                  45,            0.029427,            0.042524,             0.01136,              0.6035,             0.36059,             0.36253,             0.19803,            0.052352,            0.053583,            0.034665,            0.007822,            0.007822,            0.007822
                  46,            0.029436,            0.043251,            0.012073,             0.60731,             0.61948,             0.62133,             0.37341,            0.029569,            0.040938,            0.014574,           0.0077725,           0.0077725,           0.0077725
                  47,            0.029119,            0.043935,            0.011963,             0.54596,              0.4917,             0.49601,             0.29085,            0.037578,            0.052133,            0.023335,            0.007723,            0.007723,            0.007723
                  48,            0.029112,            0.042847,            0.011032,             0.65834,             0.71909,             0.70833,             0.43054,            0.027459,            0.035634,            0.011045,           0.0076735,           0.0076735,           0.0076735
                  49,            0.028204,            0.042268,           0.0096089,             0.70828,             0.67655,              0.7132,             0.43812,            0.027243,            0.035376,            0.010194,            0.007624,            0.007624,            0.007624
                  50,            0.029123,            0.041194,           0.0093682,             0.71242,              0.6908,             0.71507,             0.43875,              0.0277,            0.035798,            0.010226,           0.0075745,           0.0075745,           0.0075745
                  51,            0.028125,            0.040246,           0.0087678,             0.72031,             0.69764,              0.7232,             0.44037,             0.02678,            0.035799,           0.0095582,            0.007525,            0.007525,            0.007525
                  52,            0.027503,            0.040374,           0.0094889,             0.71779,             0.69765,             0.72057,             0.44488,            0.027388,            0.035433,           0.0097635,           0.0074755,           0.0074755,           0.0074755
                  53,            0.029734,            0.040837,           0.0090021,             0.66848,              0.6712,             0.68542,             0.41307,            0.028619,            0.036603,             0.01102,            0.007426,            0.007426,            0.007426
                  54,             0.02846,            0.041263,           0.0083799,             0.68472,             0.70874,             0.72378,             0.44238,            0.027308,            0.035596,            0.010498,           0.0073765,           0.0073765,           0.0073765
                  55,            0.027997,            0.040121,           0.0091904,             0.72731,             0.67431,             0.72268,             0.44324,            0.027874,            0.035621,            0.010025,            0.007327,            0.007327,            0.007327
                  56,            0.027634,            0.039611,           0.0092194,             0.73333,              0.6848,             0.71006,              0.4356,            0.027078,            0.036674,            0.010756,           0.0072775,           0.0072775,           0.0072775
                  57,            0.027766,            0.040605,           0.0096513,             0.72791,             0.67366,             0.71198,              0.4356,            0.026921,            0.035703,           0.0099786,            0.007228,            0.007228,            0.007228
                  58,            0.027219,            0.039296,           0.0081169,             0.71924,             0.69581,              0.7211,             0.44102,            0.027984,            0.035865,           0.0096761,           0.0071785,           0.0071785,           0.0071785
                  59,            0.028065,            0.040127,           0.0085094,             0.68842,             0.70447,             0.71526,             0.43721,            0.027248,             0.03645,            0.010472,            0.007129,            0.007129,            0.007129
                  60,            0.027239,            0.039608,           0.0077259,             0.71642,             0.70287,             0.73059,             0.44813,             0.02608,            0.035505,           0.0098581,           0.0070795,           0.0070795,           0.0070795
                  61,             0.02676,             0.03869,           0.0076405,             0.70621,             0.69424,             0.71882,             0.44135,            0.026646,            0.035741,           0.0095229,             0.00703,             0.00703,             0.00703
                  62,            0.026821,            0.039678,           0.0072125,             0.72404,             0.69019,             0.72393,             0.44739,            0.026991,            0.036059,           0.0099029,           0.0069805,           0.0069805,           0.0069805
                  63,            0.026107,            0.038547,           0.0082472,             0.72003,             0.68574,              0.7071,             0.43506,             0.02718,            0.037065,            0.010945,            0.006931,            0.006931,            0.006931
                  64,            0.026795,            0.039087,           0.0078255,             0.72776,              0.6606,             0.69756,             0.43072,            0.026448,            0.036912,            0.011395,           0.0068815,           0.0068815,           0.0068815
                  65,            0.026834,            0.038776,            0.008269,             0.73158,             0.69782,             0.73002,             0.45401,            0.026145,            0.035746,            0.009533,            0.006832,            0.006832,            0.006832
                  66,            0.027157,            0.038627,           0.0075859,             0.72298,              0.6926,             0.73094,             0.45465,            0.025953,            0.035693,           0.0097541,           0.0067825,           0.0067825,           0.0067825
                  67,            0.026184,            0.038697,           0.0069316,             0.70918,             0.72975,             0.73366,             0.45472,            0.026083,            0.035911,            0.010215,            0.006733,            0.006733,            0.006733
                  68,            0.026909,            0.038557,           0.0077027,             0.70831,             0.70249,             0.72118,             0.44566,            0.026978,            0.035961,            0.010627,           0.0066835,           0.0066835,           0.0066835
                  69,             0.02567,            0.038349,            0.007667,             0.73819,              0.6827,              0.7221,             0.44645,            0.025659,            0.036392,            0.010263,            0.006634,            0.006634,            0.006634
                  70,            0.025331,            0.037725,           0.0068172,             0.72249,             0.68727,             0.72425,             0.45045,            0.026903,            0.036164,           0.0099734,           0.0065845,           0.0065845,           0.0065845
                  71,            0.026374,            0.037529,           0.0070361,             0.70189,              0.7155,             0.72227,             0.44788,            0.026446,            0.036077,           0.0099291,            0.006535,            0.006535,            0.006535
                  72,            0.025351,             0.03769,           0.0065952,             0.72192,             0.69716,             0.72475,              0.4488,            0.026531,            0.036523,           0.0099536,           0.0064855,           0.0064855,           0.0064855
                  73,            0.025814,            0.036727,           0.0059486,             0.73117,             0.69725,             0.73351,             0.45632,            0.027779,            0.035979,           0.0091627,            0.006436,            0.006436,            0.006436
                  74,            0.024869,             0.03736,           0.0063696,             0.72783,             0.69702,             0.73219,             0.45666,            0.025775,            0.036497,           0.0095453,           0.0063865,           0.0063865,           0.0063865
                  75,            0.025062,            0.037427,           0.0059787,             0.74764,             0.69421,             0.72977,             0.45525,            0.025979,             0.03685,           0.0093205,            0.006337,            0.006337,            0.006337
                  76,            0.025053,            0.036213,           0.0065455,             0.72259,             0.68871,             0.71467,             0.44542,            0.026538,            0.036984,            0.010645,           0.0062875,           0.0062875,           0.0062875
                  77,            0.024465,            0.036316,           0.0060088,             0.72685,             0.68867,             0.72411,             0.44909,             0.02574,            0.037028,             0.01048,            0.006238,            0.006238,            0.006238
                  78,            0.024692,            0.036382,           0.0057241,             0.70934,             0.71241,              0.7321,             0.45341,            0.026816,            0.036574,           0.0092846,           0.0061885,           0.0061885,           0.0061885
                  79,            0.024083,            0.035729,           0.0054527,             0.71347,             0.70851,             0.72797,             0.45067,            0.025458,            0.036806,            0.009067,            0.006139,            0.006139,            0.006139
                  80,            0.025067,            0.035343,           0.0059671,             0.73285,              0.6942,             0.72509,             0.44919,            0.025853,            0.037064,           0.0096967,           0.0060895,           0.0060895,           0.0060895
                  81,            0.023974,            0.036086,           0.0055691,             0.73687,             0.69766,             0.73316,             0.45326,            0.025735,             0.03682,           0.0089007,             0.00604,             0.00604,             0.00604
                  82,            0.024059,             0.03583,           0.0054997,             0.72679,             0.71828,             0.74166,             0.46049,            0.025596,             0.03656,           0.0091202,           0.0059905,           0.0059905,           0.0059905
                  83,            0.024401,             0.03646,           0.0057524,             0.74918,             0.69316,              0.7323,              0.4552,            0.025433,            0.036891,           0.0090291,            0.005941,            0.005941,            0.005941
                  84,            0.024173,            0.035476,           0.0051618,             0.70769,             0.70932,             0.72472,             0.44695,            0.025915,            0.037075,            0.010414,           0.0058915,           0.0058915,           0.0058915
                  85,            0.023885,            0.036302,           0.0063094,             0.73993,             0.68763,             0.72264,             0.45091,            0.025893,            0.037183,           0.0094245,            0.005842,            0.005842,            0.005842
                  86,            0.023879,            0.035279,           0.0056116,             0.70598,             0.70448,             0.72653,             0.45122,            0.025496,            0.037161,           0.0093932,           0.0057925,           0.0057925,           0.0057925
                  87,            0.023511,             0.03527,            0.005496,             0.72815,             0.69372,             0.73196,              0.4517,            0.025661,            0.037573,           0.0094265,            0.005743,            0.005743,            0.005743
                  88,             0.02377,            0.034953,           0.0063843,             0.71238,             0.68184,             0.71058,             0.43675,            0.025926,            0.037586,            0.011878,           0.0056935,           0.0056935,           0.0056935
                  89,            0.023922,            0.034627,           0.0074689,             0.73207,             0.68651,             0.72728,              0.4483,            0.026158,            0.037674,           0.0098274,            0.005644,            0.005644,            0.005644
                  90,            0.023616,            0.034563,           0.0062193,              0.7237,             0.68768,             0.72174,             0.44672,            0.025931,            0.037796,            0.009586,           0.0055945,           0.0055945,           0.0055945
                  91,            0.023428,            0.035707,           0.0057264,             0.71487,             0.70055,             0.72384,             0.44712,            0.025631,            0.037477,           0.0087707,            0.005545,            0.005545,            0.005545
                  92,            0.023519,            0.034546,           0.0054647,             0.74096,             0.69745,             0.72721,             0.45218,            0.026094,            0.038276,           0.0093204,           0.0054955,           0.0054955,           0.0054955
                  93,            0.023382,            0.035681,           0.0056638,               0.742,              0.6777,             0.72396,             0.44976,              0.0255,            0.037745,           0.0095351,            0.005446,            0.005446,            0.005446
                  94,            0.022985,            0.034997,            0.005439,             0.70238,             0.70818,             0.72495,             0.45096,            0.025347,            0.037986,            0.009536,           0.0053965,           0.0053965,           0.0053965
                  95,            0.022935,            0.034713,           0.0053511,              0.7224,             0.70275,             0.71537,             0.44539,            0.025545,            0.038743,           0.0092982,            0.005347,            0.005347,            0.005347
                  96,            0.022501,            0.033393,           0.0052869,             0.71489,             0.69859,             0.71577,              0.4455,            0.025641,            0.038597,           0.0097402,           0.0052975,           0.0052975,           0.0052975
                  97,            0.023484,             0.03448,           0.0051362,             0.72606,             0.70358,             0.73119,             0.45411,            0.025621,             0.03786,           0.0088905,            0.005248,            0.005248,            0.005248
                  98,            0.022608,            0.034242,            0.004695,             0.73396,             0.68692,             0.72281,              0.4513,            0.025942,            0.038165,           0.0092339,           0.0051985,           0.0051985,           0.0051985
                  99,            0.023736,            0.034283,           0.0043835,             0.71782,             0.70975,             0.72771,              0.4521,            0.025824,            0.038267,           0.0091401,            0.005149,            0.005149,            0.005149
                 100,            0.022786,            0.033727,            0.004686,             0.74358,              0.6895,             0.73093,             0.45815,            0.025889,            0.038194,           0.0089789,           0.0050995,           0.0050995,           0.0050995
                 101,             0.02333,             0.03389,           0.0055546,             0.74342,             0.68781,             0.72403,             0.44936,            0.025907,            0.038088,           0.0095136,             0.00505,             0.00505,             0.00505
                 102,            0.022907,            0.034206,           0.0048532,             0.71632,             0.70478,             0.72096,             0.44622,            0.025707,            0.039074,           0.0092974,           0.0050005,           0.0050005,           0.0050005
                 103,            0.022399,            0.032999,           0.0043935,             0.74971,             0.69252,             0.71605,             0.44627,             0.02583,            0.039274,           0.0096327,            0.004951,            0.004951,            0.004951
                 104,            0.022267,             0.03286,           0.0042022,             0.75395,             0.65957,             0.71347,              0.4417,            0.025081,            0.039254,           0.0095135,           0.0049015,           0.0049015,           0.0049015
                 105,            0.022017,             0.03282,           0.0043528,             0.73246,             0.69436,             0.73001,             0.45459,             0.02536,            0.039006,           0.0090501,            0.004852,            0.004852,            0.004852
                 106,            0.021966,            0.032828,            0.005002,             0.73102,             0.68496,             0.71447,             0.44525,            0.025677,            0.039366,           0.0092904,           0.0048025,           0.0048025,           0.0048025
                 107,            0.021994,            0.032664,           0.0045118,             0.75667,             0.67654,             0.72535,              0.4512,             0.02556,            0.039266,            0.009407,            0.004753,            0.004753,            0.004753
                 108,            0.021414,            0.033087,           0.0041605,             0.73241,             0.68934,              0.7217,             0.44972,             0.02536,            0.039753,           0.0090102,           0.0047035,           0.0047035,           0.0047035
                 109,            0.021498,            0.032382,           0.0043063,             0.71461,             0.69675,              0.7164,             0.44429,            0.025024,             0.03936,           0.0093969,            0.004654,            0.004654,            0.004654
                 110,            0.021016,            0.031344,            0.004009,             0.74173,             0.69657,              0.7245,             0.45145,             0.02556,            0.039234,           0.0090465,           0.0046045,           0.0046045,           0.0046045
                 111,            0.021343,            0.032145,           0.0038377,             0.73363,             0.68962,             0.72363,             0.45225,            0.025192,            0.039844,           0.0089869,            0.004555,            0.004555,            0.004555
                 112,            0.021329,             0.03224,           0.0040199,              0.7347,             0.68294,             0.72159,             0.44837,            0.025463,            0.039976,           0.0099774,           0.0045055,           0.0045055,           0.0045055
                 113,            0.021633,            0.031969,           0.0044225,             0.75801,             0.66875,             0.71896,              0.4479,            0.025355,            0.039985,           0.0096437,            0.004456,            0.004456,            0.004456
                 114,            0.020975,            0.032006,           0.0035589,             0.72219,             0.70774,             0.71873,              0.4469,            0.025356,            0.040262,           0.0097917,           0.0044065,           0.0044065,           0.0044065
                 115,            0.021608,             0.03114,           0.0041997,             0.75452,             0.67958,             0.72489,             0.44967,             0.02521,            0.039763,           0.0093167,            0.004357,            0.004357,            0.004357
                 116,            0.021435,            0.031045,           0.0039972,             0.74544,             0.67077,             0.72492,             0.44989,            0.025691,            0.040147,           0.0093978,           0.0043075,           0.0043075,           0.0043075
                 117,            0.020329,            0.031268,           0.0035867,             0.72572,             0.69384,             0.71922,             0.44803,            0.025174,             0.04044,           0.0094176,            0.004258,            0.004258,            0.004258
                 118,            0.020843,            0.031002,           0.0036511,             0.72507,             0.70234,             0.72147,             0.44935,            0.025425,             0.04053,           0.0089859,           0.0042085,           0.0042085,           0.0042085
                 119,            0.020641,            0.030373,            0.003571,              0.7388,             0.67585,             0.72073,             0.44843,            0.025463,            0.041173,           0.0090859,            0.004159,            0.004159,            0.004159
                 120,            0.020518,            0.030593,           0.0036379,             0.71723,             0.69954,             0.71649,             0.44537,            0.025512,            0.040942,           0.0095241,           0.0041095,           0.0041095,           0.0041095
                 121,            0.020719,            0.030464,           0.0034673,             0.74318,             0.67899,             0.72076,             0.44935,            0.025328,            0.041521,           0.0093167,             0.00406,             0.00406,             0.00406
                 122,            0.020451,            0.030711,           0.0037145,             0.73829,             0.68442,             0.72294,             0.45015,            0.025041,            0.040544,           0.0093185,           0.0040105,           0.0040105,           0.0040105
                 123,            0.019934,            0.030807,           0.0032979,             0.74533,             0.67227,             0.72451,             0.45211,            0.025056,            0.040972,           0.0090202,            0.003961,            0.003961,            0.003961
                 124,            0.020311,            0.030395,           0.0036791,             0.71261,             0.69234,              0.7187,             0.44868,            0.025266,            0.040747,           0.0091947,           0.0039115,           0.0039115,           0.0039115
                 125,            0.020625,            0.030297,           0.0034802,              0.7178,             0.68585,             0.71645,              0.4439,            0.025303,             0.04159,            0.009594,            0.003862,            0.003862,            0.003862
                 126,            0.020288,            0.030994,           0.0034391,             0.73254,             0.68132,             0.72062,              0.4466,            0.025259,            0.040605,           0.0099036,           0.0038125,           0.0038125,           0.0038125
                 127,            0.019941,            0.029966,           0.0031725,             0.75248,             0.68207,             0.72394,             0.44997,            0.025222,            0.041513,           0.0096399,            0.003763,            0.003763,            0.003763
                 128,             0.01993,            0.029421,           0.0034424,             0.75289,             0.68021,             0.71567,             0.44487,            0.025713,            0.042082,           0.0096854,           0.0037135,           0.0037135,           0.0037135
                 129,            0.019802,            0.029422,           0.0034159,             0.73125,             0.69968,             0.72421,             0.45113,            0.025937,            0.042109,           0.0093859,            0.003664,            0.003664,            0.003664
                 130,            0.019172,            0.030257,           0.0032456,             0.72614,             0.69693,             0.72057,              0.4469,            0.025379,            0.041581,           0.0095898,           0.0036145,           0.0036145,           0.0036145
                 131,            0.019433,            0.029679,            0.003163,             0.74771,             0.68462,             0.71731,             0.44494,            0.025429,            0.041829,           0.0095378,            0.003565,            0.003565,            0.003565
                 132,            0.019329,            0.030022,           0.0031262,             0.74289,             0.67936,             0.71477,             0.44511,            0.025616,            0.042048,           0.0096514,           0.0035155,           0.0035155,           0.0035155
                 133,            0.019608,            0.029424,           0.0031905,             0.72581,             0.69005,             0.71193,             0.44188,            0.025179,             0.04238,           0.0095339,            0.003466,            0.003466,            0.003466
                 134,            0.019313,            0.028811,           0.0031433,             0.72811,             0.69251,             0.70719,             0.43655,            0.025238,            0.042468,           0.0096723,           0.0034165,           0.0034165,           0.0034165
                 135,             0.01911,            0.029147,           0.0031174,             0.70973,             0.70104,             0.71422,             0.43981,            0.025085,            0.042039,           0.0092067,            0.003367,            0.003367,            0.003367
                 136,            0.019471,            0.029203,           0.0029488,             0.75176,             0.67397,             0.71606,             0.43962,            0.025552,            0.042788,           0.0097005,           0.0033175,           0.0033175,           0.0033175
                 137,            0.019268,            0.029474,            0.002768,             0.75834,             0.67463,             0.71543,             0.44283,            0.025601,            0.042664,           0.0095534,            0.003268,            0.003268,            0.003268
                 138,            0.019114,            0.028869,           0.0029486,             0.75814,             0.66118,             0.71218,             0.44106,            0.025612,            0.042935,           0.0098995,           0.0032185,           0.0032185,           0.0032185
                 139,            0.018931,            0.028482,           0.0029875,             0.75172,             0.66539,             0.70923,             0.44122,            0.025543,            0.043553,           0.0098944,            0.003169,            0.003169,            0.003169
                 140,            0.018634,            0.028813,           0.0029581,             0.73686,              0.6846,             0.71351,             0.44178,            0.025827,            0.043588,           0.0094033,           0.0031195,           0.0031195,           0.0031195
                 141,            0.018369,            0.027822,            0.002655,             0.74131,             0.67602,             0.70821,              0.4374,            0.025856,            0.043181,           0.0094053,             0.00307,             0.00307,             0.00307
                 142,            0.018452,            0.028392,           0.0029125,             0.72778,             0.68082,             0.71187,             0.44013,            0.025589,            0.043194,           0.0092794,           0.0030205,           0.0030205,           0.0030205
                 143,            0.018546,            0.028391,           0.0027447,             0.74533,             0.67879,              0.7171,             0.44294,            0.025353,            0.043659,           0.0093828,            0.002971,            0.002971,            0.002971
                 144,            0.018107,              0.0276,           0.0027488,             0.71474,             0.69309,              0.7115,             0.43918,            0.025581,             0.04414,           0.0094984,           0.0029215,           0.0029215,           0.0029215
                 145,            0.018226,            0.028628,           0.0025086,             0.71476,             0.69741,             0.71569,             0.44378,            0.025711,             0.04351,           0.0093713,            0.002872,            0.002872,            0.002872
                 146,            0.017996,            0.027576,           0.0028154,             0.73787,             0.67167,             0.70878,             0.44009,            0.025463,            0.043695,            0.009569,           0.0028225,           0.0028225,           0.0028225
                 147,            0.018572,            0.027945,           0.0026926,             0.72802,             0.67456,             0.70278,             0.43368,            0.025401,            0.044194,           0.0098829,            0.002773,            0.002773,            0.002773
                 148,            0.017878,            0.027482,           0.0026028,             0.69937,             0.70959,             0.70657,             0.43701,            0.025286,            0.043769,           0.0092145,           0.0027235,           0.0027235,           0.0027235
                 149,            0.018159,            0.027558,           0.0024788,             0.74039,             0.67168,             0.70702,             0.43824,            0.025354,            0.043654,           0.0096601,            0.002674,            0.002674,            0.002674
                 150,            0.017087,             0.02774,           0.0026357,             0.74974,             0.67442,             0.70475,             0.43685,            0.025146,            0.044085,           0.0098958,           0.0026245,           0.0026245,           0.0026245
                 151,            0.017931,            0.027694,           0.0026356,              0.7056,             0.70086,             0.70472,             0.43839,            0.025498,            0.044459,           0.0099942,            0.002575,            0.002575,            0.002575
                 152,            0.017322,            0.027521,           0.0023228,             0.74334,             0.66512,             0.70618,             0.43732,            0.025321,            0.044611,           0.0099285,           0.0025255,           0.0025255,           0.0025255
                 153,             0.01697,            0.027127,           0.0024561,             0.70571,             0.68803,             0.70554,             0.43805,            0.025442,            0.044981,           0.0098817,            0.002476,            0.002476,            0.002476
                 154,            0.017105,            0.027216,           0.0025564,             0.73121,             0.68324,             0.70583,              0.4376,            0.025445,            0.045038,           0.0099194,           0.0024265,           0.0024265,           0.0024265
                 155,            0.017003,            0.027358,           0.0023435,             0.72728,             0.69086,             0.70579,             0.43716,            0.025549,            0.044726,            0.010114,            0.002377,            0.002377,            0.002377
                 156,            0.016855,            0.026623,           0.0022971,             0.75426,              0.6541,             0.70467,             0.43551,            0.025526,             0.04547,           0.0099101,           0.0023275,           0.0023275,           0.0023275
                 157,            0.017024,            0.027135,           0.0023618,             0.73512,             0.67016,             0.70339,             0.43517,            0.025375,            0.044769,           0.0099954,            0.002278,            0.002278,            0.002278
                 158,            0.016559,            0.027146,           0.0022683,             0.74218,             0.67097,             0.70617,             0.43569,            0.025398,             0.04616,           0.0096557,           0.0022285,           0.0022285,           0.0022285
                 159,            0.016949,            0.026295,           0.0023209,             0.72425,             0.68597,             0.70748,             0.43762,            0.025764,            0.045696,            0.010022,            0.002179,            0.002179,            0.002179
                 160,            0.016808,            0.026388,           0.0021547,             0.75366,             0.66814,             0.70497,              0.4366,            0.025401,            0.045689,           0.0099974,           0.0021295,           0.0021295,           0.0021295
                 161,            0.016612,            0.026526,           0.0022175,             0.75572,             0.67038,             0.70826,             0.43793,            0.025353,            0.046293,            0.010154,             0.00208,             0.00208,             0.00208
                 162,             0.01618,            0.025873,           0.0021874,             0.75165,             0.67236,              0.7083,             0.43748,            0.025265,            0.046396,            0.010051,           0.0020305,           0.0020305,           0.0020305
                 163,             0.01629,            0.025638,           0.0021725,             0.74057,             0.67542,             0.70353,              0.4328,            0.025339,            0.046812,            0.010007,            0.001981,            0.001981,            0.001981
                 164,            0.015813,            0.026045,           0.0019853,             0.75987,             0.68026,             0.70829,             0.43563,            0.025295,             0.04624,            0.010068,           0.0019315,           0.0019315,           0.0019315
                 165,            0.015876,            0.025885,           0.0021953,             0.75454,             0.67384,             0.70754,             0.43688,             0.02534,            0.046647,            0.010043,            0.001882,            0.001882,            0.001882
                 166,            0.016444,            0.026298,           0.0022746,             0.75834,              0.6582,              0.7013,             0.43332,            0.025486,            0.045985,            0.010607,           0.0018325,           0.0018325,           0.0018325
                 167,            0.016133,            0.026116,            0.002085,             0.74856,             0.67262,              0.7053,             0.43755,            0.025336,            0.045961,            0.010576,            0.001783,            0.001783,            0.001783
                 168,            0.015964,            0.026105,           0.0026144,             0.73286,             0.68443,             0.70904,             0.44019,             0.02535,            0.045942,            0.009874,           0.0017335,           0.0017335,           0.0017335
                 169,             0.01585,            0.025609,           0.0022669,             0.73451,             0.68473,             0.70637,             0.43426,            0.025404,            0.046191,            0.009929,            0.001684,            0.001684,            0.001684
                 170,            0.016149,            0.026554,           0.0020927,             0.72351,              0.6853,             0.70479,             0.43337,            0.025515,            0.046783,           0.0099635,           0.0016345,           0.0016345,           0.0016345
                 171,            0.016033,            0.025731,           0.0019576,             0.73638,             0.67489,             0.70663,             0.43668,            0.025432,            0.046757,            0.009872,            0.001585,            0.001585,            0.001585
                 172,            0.015716,            0.026182,           0.0024783,             0.72578,             0.68986,             0.71208,             0.43996,             0.02523,            0.046526,            0.009777,           0.0015355,           0.0015355,           0.0015355
                 173,            0.015809,            0.026677,           0.0022665,             0.69264,             0.71186,             0.70618,             0.43689,            0.025561,            0.046304,            0.010169,            0.001486,            0.001486,            0.001486
                 174,            0.015532,            0.025909,           0.0021447,             0.72973,             0.68165,             0.70882,             0.43586,            0.025478,            0.046915,            0.010199,           0.0014365,           0.0014365,           0.0014365
                 175,             0.01551,            0.025744,            0.001998,             0.74121,             0.67513,             0.70517,             0.43532,            0.025381,            0.046923,            0.010281,            0.001387,            0.001387,            0.001387
                 176,            0.015178,            0.025955,           0.0019931,             0.73084,             0.68571,             0.70877,             0.43765,            0.025272,            0.047068,            0.010284,           0.0013375,           0.0013375,           0.0013375
                 177,            0.015269,            0.025287,           0.0019374,              0.7556,              0.6654,             0.70482,             0.43643,            0.025145,            0.047041,            0.010327,            0.001288,            0.001288,            0.001288
                 178,            0.015254,            0.025233,            0.002135,             0.72046,             0.69665,             0.70706,             0.43581,            0.025282,              0.0471,             0.01029,           0.0012385,           0.0012385,           0.0012385
                 179,            0.014922,            0.025691,           0.0020126,              0.7377,             0.67864,             0.70654,              0.4365,            0.025283,            0.047392,            0.010238,            0.001189,            0.001189,            0.001189
                 180,            0.015024,            0.025304,           0.0020576,             0.72647,             0.68388,             0.70223,             0.43572,              0.0255,            0.047564,            0.010423,           0.0011395,           0.0011395,           0.0011395
                 181,            0.015024,            0.025825,           0.0019036,             0.74031,             0.67146,             0.70268,             0.43492,            0.025459,             0.04758,            0.010456,             0.00109,             0.00109,             0.00109
                 182,            0.014946,            0.024921,            0.002022,             0.72895,             0.68417,              0.7068,             0.43676,            0.025413,            0.047744,            0.010309,           0.0010405,           0.0010405,           0.0010405
                 183,             0.01498,            0.025647,           0.0020385,             0.75797,             0.66777,             0.70659,             0.43788,              0.0255,            0.047471,             0.01031,            0.000991,            0.000991,            0.000991
                 184,            0.014966,            0.024906,           0.0019197,               0.729,             0.69095,             0.70272,             0.43592,            0.025507,             0.04786,            0.010491,           0.0009415,           0.0009415,           0.0009415
                 185,            0.014863,            0.025237,           0.0019783,             0.73179,             0.67927,             0.70291,             0.43443,             0.02549,             0.04772,            0.010431,            0.000892,            0.000892,            0.000892
                 186,            0.014871,            0.025607,             0.00206,             0.74155,             0.67554,             0.70348,             0.43338,            0.025722,            0.047857,            0.010741,           0.0008425,           0.0008425,           0.0008425
                 187,             0.01436,            0.025227,           0.0021483,              0.7712,             0.65452,             0.70312,             0.43395,            0.025636,            0.048114,            0.010775,            0.000793,            0.000793,            0.000793
                 188,            0.014616,            0.024641,           0.0019256,             0.76384,              0.6551,             0.70076,             0.43272,            0.025682,            0.048234,             0.01073,           0.0007435,           0.0007435,           0.0007435
                 189,            0.014421,            0.024647,           0.0021524,             0.72081,             0.68305,             0.70116,             0.43352,            0.025683,            0.048281,            0.010754,            0.000694,            0.000694,            0.000694
                 190,            0.014308,            0.024814,           0.0017948,             0.72843,             0.67641,             0.69916,             0.43298,            0.025659,            0.048289,            0.010731,           0.0006445,           0.0006445,           0.0006445
                 191,            0.014222,            0.024219,           0.0020104,             0.75164,             0.65676,             0.70056,             0.43421,             0.02551,            0.048607,            0.010686,            0.000595,            0.000595,            0.000595
                 192,            0.014098,            0.024212,           0.0017256,             0.72915,             0.67896,             0.69992,             0.43322,            0.025504,            0.048698,             0.01079,           0.0005455,           0.0005455,           0.0005455
                 193,            0.014029,            0.024135,           0.0021909,             0.73099,             0.68622,             0.70035,             0.43328,            0.025347,            0.048971,            0.010706,            0.000496,            0.000496,            0.000496
                 194,             0.01385,            0.024246,           0.0019091,             0.72587,             0.68386,             0.70102,             0.43384,            0.025465,            0.048921,            0.010625,           0.0004465,           0.0004465,           0.0004465
                 195,            0.013844,              0.0243,           0.0018287,             0.72742,              0.6811,             0.70141,             0.43313,            0.025468,            0.048911,            0.010573,            0.000397,            0.000397,            0.000397
                 196,            0.013774,            0.024602,           0.0017419,             0.73929,             0.67095,             0.70332,             0.43531,            0.025497,            0.048832,            0.010598,           0.0003475,           0.0003475,           0.0003475
                 197,            0.013692,            0.024241,           0.0018692,             0.73692,             0.67321,             0.70243,             0.43512,            0.025463,            0.048953,            0.010662,            0.000298,            0.000298,            0.000298
                 198,            0.013751,            0.024047,           0.0018219,              0.7387,             0.67037,             0.70287,             0.43485,            0.025509,            0.048985,            0.010699,           0.0002485,           0.0002485,           0.0002485
                 199,            0.013276,             0.02377,           0.0016601,             0.73904,               0.672,              0.7023,              0.4343,            0.025501,            0.049088,            0.010762,            0.000199,            0.000199,            0.000199
